investor_id,sip_tx_count,avg_gap_days,at_risk,max_gap_days
INV000566,7,35.0,ok,119
INV003772,9,34.5,ok,72
INV000707,9,34.375,ok,106
INV003382,6,34.2,ok,85
INV004246,7,34.166666666666664,ok,64
INV004927,7,34.166666666666664,ok,63
INV001672,9,34.0,ok,130
INV004542,7,34.0,ok,59
INV003650,11,33.9,ok,86
INV002509,10,33.666666666666664,ok,74
INV002092,7,33.5,ok,54
INV002037,6,33.2,ok,61
INV002388,6,33.2,ok,84
INV003678,6,32.8,ok,45
INV000785,6,32.6,ok,66
INV000930,8,32.42857142857143,ok,118
INV002810,8,32.285714285714285,ok,139
INV000624,7,31.666666666666668,ok,53
INV000935,9,30.875,ok,73
INV004356,6,30.8,ok,81
INV003828,7,30.666666666666668,ok,109
INV001775,8,29.142857142857142,ok,65
INV000750,9,26.5,ok,84
INV001099,8,26.142857142857142,ok,63
INV000334,7,25.5,ok,60
INV002298,6,23.2,ok,37
INV002705,8,22.571428571428573,ok,70
INV002374,6,21.2,ok,34
INV004701,7,20.0,ok,82
INV001822,6,19.8,ok,43
INV001890,6,102.6,at-risk,207
INV001156,6,102.4,at-risk,175
INV004296,6,102.2,at-risk,304
INV003325,6,101.0,at-risk,155
INV000522,6,100.8,at-risk,309
INV000608,6,100.2,at-risk,324
INV001883,6,99.2,at-risk,203
INV002166,6,99.2,at-risk,248
INV001367,6,99.0,at-risk,222
INV001491,6,98.8,at-risk,260
INV004454,6,98.4,at-risk,311
INV002873,6,98.2,at-risk,235
INV003684,6,98.2,at-risk,229
INV001237,6,98.0,at-risk,182
INV001769,6,98.0,at-risk,166
INV000437,6,97.8,at-risk,295
INV001141,6,97.6,at-risk,132
INV001304,6,97.6,at-risk,177
INV002558,6,97.6,at-risk,297
INV000318,6,97.4,at-risk,175
INV000380,6,97.0,at-risk,272
INV001070,6,97.0,at-risk,329
INV001190,6,97.0,at-risk,198
INV002395,6,97.0,at-risk,225
INV002912,6,97.0,at-risk,342
INV004143,6,97.0,at-risk,280
INV001013,6,96.8,at-risk,164
INV003649,6,96.8,at-risk,195
INV003193,6,96.6,at-risk,294
INV003234,6,96.6,at-risk,188
INV003686,6,96.6,at-risk,328
INV001891,6,96.4,at-risk,261
INV004625,6,96.4,at-risk,246
INV000549,6,96.2,at-risk,146
INV001167,6,96.2,at-risk,207
INV000335,6,96.0,at-risk,279
INV002883,6,96.0,at-risk,176
INV003473,6,95.8,at-risk,213
INV001809,6,95.6,at-risk,249
INV002463,6,95.4,at-risk,236
INV002372,6,95.2,at-risk,133
INV002560,6,95.2,at-risk,155
INV003645,6,95.2,at-risk,257
INV003996,6,95.2,at-risk,244
INV000491,6,95.0,at-risk,202
INV001772,6,95.0,at-risk,184
INV000214,6,94.8,at-risk,306
INV004463,6,94.8,at-risk,211
INV000663,6,94.4,at-risk,247
INV002348,6,94.4,at-risk,166
INV001331,6,94.2,at-risk,202
INV000339,6,94.0,at-risk,195
INV000651,6,94.0,at-risk,304
INV000814,6,94.0,at-risk,195
INV002594,6,94.0,at-risk,244
INV000652,6,93.8,at-risk,262
INV001602,6,93.8,at-risk,294
INV004704,6,93.8,at-risk,141
INV000028,6,93.6,at-risk,238
INV000238,6,93.6,at-risk,287
INV001005,6,93.6,at-risk,206
INV004181,6,93.4,at-risk,245
INV001055,6,93.2,at-risk,177
INV004738,6,93.2,at-risk,148
INV003985,6,93.0,at-risk,191
INV000087,6,92.8,at-risk,202
INV000673,6,92.8,at-risk,235
INV001545,6,92.8,at-risk,208
INV000737,6,92.6,at-risk,168
INV001316,6,92.4,at-risk,198
INV003350,6,92.4,at-risk,191
INV003683,6,92.4,at-risk,165
INV003968,6,92.4,at-risk,209
INV000245,6,92.2,at-risk,164
INV001196,6,92.2,at-risk,169
INV001287,6,92.2,at-risk,157
INV000217,6,92.0,at-risk,183
INV001623,6,92.0,at-risk,188
INV000076,6,91.8,at-risk,203
INV002138,6,91.8,at-risk,189
INV002418,6,91.6,at-risk,128
INV003112,6,91.6,at-risk,173
INV000457,6,91.4,at-risk,256
INV003028,6,91.4,at-risk,183
INV003718,6,91.4,at-risk,284
INV000862,6,91.2,at-risk,372
INV003437,6,91.2,at-risk,226
INV000950,6,91.0,at-risk,215
INV002984,6,91.0,at-risk,200
INV003492,6,90.8,at-risk,162
INV004421,6,90.8,at-risk,221
INV000297,6,90.6,at-risk,163
INV004392,6,90.4,at-risk,200
INV002090,6,90.2,at-risk,231
INV003604,6,90.2,at-risk,188
INV003545,6,90.0,at-risk,210
INV000783,6,89.8,at-risk,187
INV002606,6,89.6,at-risk,248
INV002903,6,89.6,at-risk,176
INV003936,6,89.6,at-risk,227
INV000145,6,89.4,at-risk,282
INV001741,6,89.4,at-risk,260
INV002154,6,89.4,at-risk,175
INV003260,6,89.4,at-risk,247
INV000291,6,89.0,at-risk,196
INV002547,6,89.0,at-risk,181
INV003329,6,89.0,at-risk,230
INV003521,6,89.0,at-risk,183
INV003733,6,88.8,at-risk,174
INV000597,6,88.6,at-risk,198
INV000710,6,88.6,at-risk,264
INV001418,6,88.6,at-risk,187
INV001997,6,88.6,at-risk,168
INV001641,6,88.4,at-risk,168
INV000133,6,88.2,at-risk,265
INV000243,6,88.2,at-risk,137
INV002434,6,88.2,at-risk,217
INV002743,6,88.2,at-risk,190
INV003526,6,88.2,at-risk,224
INV004146,6,88.2,at-risk,253
INV004015,6,88.0,at-risk,190
INV003868,6,87.6,at-risk,264
INV004127,6,87.6,at-risk,190
INV002586,6,87.2,at-risk,168
INV004247,6,87.2,at-risk,274
INV004523,6,87.2,at-risk,127
INV004913,6,87.0,at-risk,156
INV000418,6,86.8,at-risk,238
INV001954,6,86.8,at-risk,273
INV003744,6,86.8,at-risk,187
INV002989,6,86.6,at-risk,182
INV003095,6,86.6,at-risk,175
INV003344,6,86.6,at-risk,190
INV004174,6,86.6,at-risk,195
INV004517,6,86.6,at-risk,185
INV000625,6,86.4,at-risk,134
INV001912,6,86.4,at-risk,256
INV001507,6,86.2,at-risk,167
INV002476,6,86.0,at-risk,235
INV001419,6,85.8,at-risk,137
INV001982,6,85.8,at-risk,289
INV003376,6,85.8,at-risk,199
INV002872,6,85.6,at-risk,199
INV003958,6,85.6,at-risk,133
INV000004,6,85.4,at-risk,265
INV000299,6,85.2,at-risk,240
INV003262,6,85.2,at-risk,162
INV003865,7,85.16666666666667,at-risk,235
INV002284,6,85.0,at-risk,277
INV002627,6,85.0,at-risk,182
INV004123,6,85.0,at-risk,138
INV000836,6,84.8,at-risk,123
INV001317,6,84.8,at-risk,162
INV002001,6,84.8,at-risk,335
INV002961,7,84.66666666666667,at-risk,231
INV003422,7,84.66666666666667,at-risk,167
INV004308,7,84.66666666666667,at-risk,244
INV000747,6,84.6,at-risk,205
INV003247,6,84.6,at-risk,206
INV004434,6,84.6,at-risk,156
INV003427,6,84.2,at-risk,266
INV003972,6,84.2,at-risk,224
INV004598,6,84.2,at-risk,195
INV001718,6,84.0,at-risk,237
INV002038,6,84.0,at-risk,202
INV004451,6,84.0,at-risk,137
INV004562,6,83.8,at-risk,158
INV000082,7,83.66666666666667,at-risk,351
INV000175,7,83.66666666666667,at-risk,170
INV000543,7,83.66666666666667,at-risk,218
INV000701,7,83.66666666666667,at-risk,298
INV002681,7,83.66666666666667,at-risk,161
INV001206,6,83.6,at-risk,190
INV001689,6,83.6,at-risk,153
INV004692,6,83.6,at-risk,190
INV004763,7,83.5,at-risk,184
INV000103,6,83.4,at-risk,232
INV001569,6,83.4,at-risk,314
INV001961,6,83.4,at-risk,234
INV004665,6,83.4,at-risk,137
INV002417,7,83.33333333333333,at-risk,190
INV000396,6,83.2,at-risk,153
INV001699,6,83.2,at-risk,183
INV001978,6,83.2,at-risk,112
INV000072,6,83.0,at-risk,247
INV000759,7,83.0,at-risk,156
INV001041,7,83.0,at-risk,195
INV003231,7,83.0,at-risk,253
INV004314,6,83.0,at-risk,195
INV004764,6,83.0,at-risk,144
INV002134,7,82.66666666666667,at-risk,180
INV003144,7,82.5,at-risk,243
INV000407,6,82.4,at-risk,157
INV003014,6,82.4,at-risk,144
INV003480,6,82.4,at-risk,211
INV002835,7,82.33333333333333,at-risk,233
INV002909,7,82.33333333333333,at-risk,263
INV004412,7,82.33333333333333,at-risk,173
INV002495,6,82.2,at-risk,174
INV003813,6,82.2,at-risk,122
INV000128,6,82.0,at-risk,181
INV001251,6,82.0,at-risk,223
INV001691,6,82.0,at-risk,254
INV002567,6,82.0,at-risk,127
INV002769,7,82.0,at-risk,141
INV003896,6,82.0,at-risk,255
INV004216,7,82.0,at-risk,195
INV003757,7,81.83333333333333,at-risk,156
INV004293,6,81.8,at-risk,142
INV004845,6,81.8,at-risk,197
INV004367,6,81.6,at-risk,194
INV000599,7,81.5,at-risk,171
INV003222,7,81.5,at-risk,190
INV003713,7,81.5,at-risk,161
INV004992,7,81.5,at-risk,176
INV001115,6,81.4,at-risk,290
INV002809,6,81.4,at-risk,276
INV004457,6,81.4,at-risk,188
INV000081,7,81.33333333333333,at-risk,167
INV002070,7,81.33333333333333,at-risk,118
INV004986,7,81.33333333333333,at-risk,185
INV000724,6,81.2,at-risk,227
INV001310,6,81.2,at-risk,232
INV003825,6,81.2,at-risk,99
INV001690,7,81.16666666666667,at-risk,114
INV002758,6,81.0,at-risk,263
INV003151,6,81.0,at-risk,146
INV004452,7,81.0,at-risk,180
INV003310,6,80.8,at-risk,154
INV004650,6,80.8,at-risk,143
INV001923,7,80.66666666666667,at-risk,106
INV002466,7,80.66666666666667,at-risk,270
INV000545,6,80.6,at-risk,181
INV001161,6,80.6,at-risk,159
INV001434,6,80.6,at-risk,178
INV001482,6,80.6,at-risk,280
INV001548,6,80.6,at-risk,197
INV002684,6,80.6,at-risk,266
INV002761,6,80.6,at-risk,312
INV004364,6,80.6,at-risk,173
INV003562,7,80.5,at-risk,165
INV004877,7,80.5,at-risk,276
INV000888,7,80.33333333333333,at-risk,166
INV003196,7,80.33333333333333,at-risk,319
INV002101,6,80.2,at-risk,248
INV003685,6,80.2,at-risk,132
INV003709,6,80.2,at-risk,181
INV000926,6,80.0,at-risk,111
INV001332,7,80.0,at-risk,179
INV002828,6,80.0,at-risk,211
INV002700,7,79.83333333333333,at-risk,140
INV000979,6,79.8,at-risk,115
INV004271,6,79.8,at-risk,157
INV001178,7,79.66666666666667,at-risk,140
INV001797,7,79.66666666666667,at-risk,132
INV003712,6,79.6,at-risk,163
INV004614,6,79.6,at-risk,117
INV003037,7,79.5,at-risk,300
INV001428,6,79.4,at-risk,174
INV002574,6,79.4,at-risk,139
INV004896,6,79.4,at-risk,252
INV001356,6,79.2,at-risk,191
INV001969,6,79.2,at-risk,163
INV004804,6,79.2,at-risk,137
INV001472,6,79.0,at-risk,141
INV001550,7,79.0,at-risk,191
INV003060,7,79.0,at-risk,135
INV003395,6,79.0,at-risk,192
INV003660,6,79.0,at-risk,164
INV003633,6,78.8,at-risk,119
INV003705,6,78.8,at-risk,152
INV001333,7,78.66666666666667,at-risk,185
INV001376,7,78.66666666666667,at-risk,181
INV001651,7,78.66666666666667,at-risk,130
INV003054,7,78.66666666666667,at-risk,209
INV003811,7,78.66666666666667,at-risk,141
INV002051,6,78.6,at-risk,159
INV002429,6,78.6,at-risk,216
INV003710,6,78.6,at-risk,118
INV001375,7,78.5,at-risk,176
INV001744,7,78.5,at-risk,155
INV004860,6,78.4,at-risk,189
INV000581,7,78.33333333333333,at-risk,160
INV004196,7,78.33333333333333,at-risk,219
INV003593,6,78.2,at-risk,166
INV004633,7,78.16666666666667,at-risk,189
INV002119,6,78.0,at-risk,195
INV002155,6,78.0,at-risk,190
INV000499,7,77.83333333333333,at-risk,157
INV002240,7,77.83333333333333,at-risk,266
INV002260,6,77.8,at-risk,235
INV004324,7,77.66666666666667,at-risk,173
INV003556,6,77.6,at-risk,129
INV003876,6,77.6,at-risk,160
INV004688,6,77.6,at-risk,181
INV000195,6,77.4,at-risk,114
INV002582,6,77.4,at-risk,173
INV003161,6,77.4,at-risk,118
INV001092,7,77.33333333333333,at-risk,186
INV000429,6,77.2,at-risk,187
INV002351,6,77.2,at-risk,204
INV003672,6,77.2,at-risk,180
INV003849,6,77.2,at-risk,146
INV000392,7,77.16666666666667,at-risk,205
INV000803,7,77.16666666666667,at-risk,147
INV001220,7,77.16666666666667,at-risk,104
INV002671,7,77.16666666666667,at-risk,163
INV003736,7,77.16666666666667,at-risk,120
INV004191,7,77.16666666666667,at-risk,310
INV000363,7,77.0,at-risk,153
INV000539,7,77.0,at-risk,153
INV002628,6,77.0,at-risk,322
INV001130,7,76.83333333333333,at-risk,131
INV003134,7,76.83333333333333,at-risk,172
INV004468,7,76.83333333333333,at-risk,154
INV001400,6,76.8,at-risk,266
INV003191,6,76.8,at-risk,138
INV002622,7,76.66666666666667,at-risk,244
INV003697,7,76.66666666666667,at-risk,163
INV002724,6,76.6,at-risk,187
INV002859,7,76.5,at-risk,198
INV002327,6,76.4,at-risk,215
INV003531,6,76.4,at-risk,185
INV003779,6,76.4,at-risk,160
INV000563,7,76.33333333333333,at-risk,198
INV002531,7,76.33333333333333,at-risk,182
INV002786,7,76.33333333333333,at-risk,124
INV004865,7,76.33333333333333,at-risk,143
INV000138,6,76.2,at-risk,220
INV001291,6,76.2,at-risk,181
INV004285,7,76.16666666666667,at-risk,169
INV001870,7,76.0,at-risk,164
INV001955,6,76.0,at-risk,199
INV000310,7,75.83333333333333,at-risk,164
INV002674,6,75.8,at-risk,153
INV002852,6,75.8,at-risk,207
INV003696,6,75.8,at-risk,190
INV000920,6,75.6,at-risk,220
INV002256,6,75.6,at-risk,115
INV003592,6,75.6,at-risk,202
INV004636,6,75.6,at-risk,160
INV004916,7,75.5,at-risk,162
INV000014,7,75.33333333333333,at-risk,128
INV004984,7,75.33333333333333,at-risk,177
INV000761,7,75.16666666666667,at-risk,173
INV003379,7,75.16666666666667,at-risk,268
INV004066,7,75.16666666666667,at-risk,319
INV000635,6,75.0,at-risk,240
INV000779,6,75.0,at-risk,153
INV001579,7,75.0,at-risk,193
INV002186,7,74.83333333333333,at-risk,167
INV000056,6,74.8,at-risk,161
INV000075,6,74.8,at-risk,102
INV003074,6,74.8,at-risk,123
INV002543,7,74.66666666666667,at-risk,116
INV002010,6,74.6,at-risk,103
INV002521,6,74.6,at-risk,206
INV003720,6,74.6,at-risk,116
INV004037,6,74.6,at-risk,137
INV002772,7,74.5,at-risk,168
INV003448,7,74.5,at-risk,200
INV004502,7,74.5,at-risk,165
INV000562,6,74.4,at-risk,197
INV001180,6,74.4,at-risk,198
INV001943,6,74.4,at-risk,171
INV002863,6,74.4,at-risk,199
INV003267,6,74.4,at-risk,197
INV000593,6,74.2,at-risk,179
INV002342,6,74.2,at-risk,212
INV002643,6,74.2,at-risk,229
INV003514,6,74.2,at-risk,172
INV003785,6,74.2,at-risk,160
INV003040,6,74.0,at-risk,194
INV003775,6,74.0,at-risk,151
INV004069,6,74.0,at-risk,196
INV004716,7,74.0,at-risk,197
INV003043,7,73.83333333333333,at-risk,131
INV003435,7,73.83333333333333,at-risk,140
INV003484,6,73.8,at-risk,333
INV000774,7,73.66666666666667,at-risk,169
INV002236,7,73.66666666666667,at-risk,119
INV002913,7,73.66666666666667,at-risk,168
INV004005,7,73.66666666666667,at-risk,314
INV002006,6,73.6,at-risk,157
INV002150,6,73.6,at-risk,216
INV002706,6,73.6,at-risk,133
INV002827,6,73.6,at-risk,200
INV004091,6,73.6,at-risk,240
INV004403,6,73.6,at-risk,150
INV000319,7,73.5,at-risk,201
INV000540,7,73.5,at-risk,123
INV000873,7,73.5,at-risk,299
INV000974,7,73.5,at-risk,143
INV003314,7,73.5,at-risk,210
INV004847,7,73.5,at-risk,281
INV003034,6,73.4,at-risk,118
INV003430,6,73.4,at-risk,104
INV004208,6,73.4,at-risk,156
INV000466,7,73.33333333333333,at-risk,135
INV001274,7,73.33333333333333,at-risk,161
INV004473,7,73.33333333333333,at-risk,152
INV000444,6,73.2,at-risk,129
INV004119,6,73.2,at-risk,237
INV003424,7,73.16666666666667,at-risk,124
INV004958,7,73.16666666666667,at-risk,135
INV000161,7,73.0,at-risk,213
INV001454,7,73.0,at-risk,176
INV002177,7,73.0,at-risk,330
INV002905,6,73.0,at-risk,221
INV004770,8,72.85714285714286,at-risk,146
INV000321,7,72.83333333333333,at-risk,204
INV000719,7,72.83333333333333,at-risk,185
INV004288,7,72.83333333333333,at-risk,223
INV001831,6,72.8,at-risk,181
INV002420,6,72.8,at-risk,107
INV002891,8,72.71428571428571,at-risk,166
INV003702,7,72.66666666666667,at-risk,118
INV000074,8,72.57142857142857,at-risk,191
INV001359,7,72.5,at-risk,313
INV001683,7,72.5,at-risk,186
INV003815,7,72.5,at-risk,217
INV004349,7,72.5,at-risk,159
INV001023,8,72.42857142857143,at-risk,202
INV004357,8,72.42857142857143,at-risk,305
INV002458,6,72.4,at-risk,232
INV002750,6,72.4,at-risk,254
INV003380,6,72.4,at-risk,155
INV000754,7,72.33333333333333,at-risk,103
INV003336,7,72.33333333333333,at-risk,133
INV003793,7,72.33333333333333,at-risk,203
INV004228,7,72.33333333333333,at-risk,112
INV004741,7,72.33333333333333,at-risk,157
INV004787,7,72.33333333333333,at-risk,140
INV000830,6,72.2,at-risk,165
INV003210,6,72.2,at-risk,112
INV003711,6,72.2,at-risk,145
INV004147,6,72.2,at-risk,136
INV001547,7,72.16666666666667,at-risk,119
INV002879,7,72.16666666666667,at-risk,125
INV003580,7,72.16666666666667,at-risk,227
INV004581,8,72.14285714285714,at-risk,234
INV000553,6,72.0,at-risk,172
INV001625,6,72.0,at-risk,209
INV002555,7,72.0,at-risk,172
INV003619,6,72.0,at-risk,113
INV004672,7,72.0,at-risk,127
INV000497,7,71.83333333333333,at-risk,191
INV001298,7,71.83333333333333,at-risk,158
INV002315,7,71.83333333333333,at-risk,174
INV002824,7,71.83333333333333,at-risk,223
INV002280,7,71.66666666666667,at-risk,182
INV004038,7,71.66666666666667,at-risk,207
INV000575,6,71.6,at-risk,155
INV003885,6,71.6,at-risk,281
INV003897,6,71.6,at-risk,144
INV003824,7,71.5,at-risk,196
INV002530,8,71.42857142857143,at-risk,175
INV001432,6,71.4,at-risk,175
INV003830,6,71.4,at-risk,115
INV004232,6,71.4,at-risk,232
INV004589,6,71.4,at-risk,225
INV004761,6,71.4,at-risk,139
INV002208,7,71.33333333333333,at-risk,142
INV003693,7,71.33333333333333,at-risk,234
INV004079,7,71.33333333333333,at-risk,164
INV001885,6,71.2,at-risk,128
INV004179,6,71.2,at-risk,129
INV003044,7,71.16666666666667,at-risk,237
INV002107,8,71.14285714285714,at-risk,298
INV000132,6,71.0,at-risk,139
INV003564,8,71.0,at-risk,292
INV004997,7,71.0,at-risk,248
INV002219,8,70.85714285714286,at-risk,166
INV003670,8,70.85714285714286,at-risk,160
INV001223,7,70.83333333333333,at-risk,175
INV004925,7,70.83333333333333,at-risk,105
INV002799,6,70.8,at-risk,129
INV000210,8,70.71428571428571,at-risk,163
INV002732,8,70.71428571428571,at-risk,151
INV003658,8,70.71428571428571,at-risk,143
INV003940,7,70.66666666666667,at-risk,151
INV004647,7,70.66666666666667,at-risk,138
INV004889,7,70.66666666666667,at-risk,159
INV000045,6,70.6,at-risk,109
INV000259,6,70.6,at-risk,165
INV002736,6,70.6,at-risk,323
INV002766,6,70.6,at-risk,151
INV003487,6,70.6,at-risk,155
INV000469,7,70.5,at-risk,183
INV001351,7,70.5,at-risk,208
INV002182,7,70.5,at-risk,148
INV000483,8,70.42857142857143,at-risk,252
INV002202,8,70.42857142857143,at-risk,276
INV000008,6,70.4,at-risk,165
INV002485,6,70.4,at-risk,136
INV003607,6,70.4,at-risk,253
INV000256,6,70.2,at-risk,155
INV000554,6,70.2,at-risk,171
INV003745,6,70.2,at-risk,183
INV000507,7,70.16666666666667,at-risk,249
INV002370,7,70.16666666666667,at-risk,237
INV003228,7,70.16666666666667,at-risk,256
INV002373,8,70.14285714285714,at-risk,154
INV003047,8,70.14285714285714,at-risk,215
INV000304,7,70.0,at-risk,204
INV002490,8,70.0,at-risk,125
INV002640,7,70.0,at-risk,153
INV004825,7,70.0,at-risk,141
INV004401,8,69.85714285714286,at-risk,216
INV000287,7,69.83333333333333,at-risk,301
INV001242,6,69.8,at-risk,128
INV004661,8,69.71428571428571,at-risk,181
INV001724,7,69.66666666666667,at-risk,134
INV004270,7,69.66666666666667,at-risk,204
INV003022,6,69.6,at-risk,123
INV000440,8,69.57142857142857,at-risk,162
INV004780,7,69.5,at-risk,154
INV001326,8,69.42857142857143,at-risk,182
INV000095,6,69.4,at-risk,155
INV001026,6,69.4,at-risk,132
INV001752,7,69.33333333333333,at-risk,170
INV004212,7,69.33333333333333,at-risk,169
INV002232,7,69.16666666666667,at-risk,174
INV003078,7,69.16666666666667,at-risk,126
INV003946,7,69.16666666666667,at-risk,147
INV000793,8,69.14285714285714,at-risk,149
INV004871,8,69.14285714285714,at-risk,170
INV000196,7,69.0,at-risk,176
INV001536,7,69.0,at-risk,189
INV002034,8,69.0,at-risk,166
INV003211,7,69.0,at-risk,104
INV004413,8,69.0,at-risk,142
INV003673,8,68.85714285714286,at-risk,160
INV003611,7,68.83333333333333,at-risk,228
INV002019,6,68.8,at-risk,117
INV003962,8,68.71428571428571,at-risk,302
INV000630,7,68.66666666666667,at-risk,161
INV001021,7,68.66666666666667,at-risk,186
INV000039,6,68.6,at-risk,129
INV001401,6,68.6,at-risk,197
INV002228,6,68.6,at-risk,109
INV003707,6,68.6,at-risk,152
INV003912,6,68.6,at-risk,195
INV004959,6,68.6,at-risk,193
INV001921,8,68.57142857142857,at-risk,225
INV003880,8,68.57142857142857,at-risk,193
INV000427,7,68.5,at-risk,116
INV001238,7,68.5,at-risk,220
INV002121,7,68.5,at-risk,197
INV003844,7,68.5,at-risk,197
INV000263,8,68.42857142857143,at-risk,271
INV002357,7,68.33333333333333,at-risk,240
INV004085,7,68.33333333333333,at-risk,260
INV004640,7,68.33333333333333,at-risk,202
INV001715,8,68.28571428571429,at-risk,188
INV001170,6,68.2,at-risk,119
INV001329,6,68.2,at-risk,97
INV002735,7,68.16666666666667,at-risk,136
INV001415,8,68.14285714285714,at-risk,173
INV003352,8,68.14285714285714,at-risk,279
INV003978,8,68.14285714285714,at-risk,209
INV000283,6,68.0,at-risk,195
INV000667,6,68.0,at-risk,134
INV002746,8,68.0,at-risk,206
INV003598,8,68.0,at-risk,114
INV003724,7,68.0,at-risk,169
INV004863,7,68.0,at-risk,220
INV003458,8,67.85714285714286,at-risk,206
INV004175,8,67.85714285714286,at-risk,133
INV000169,7,67.83333333333333,at-risk,145
INV002153,7,67.83333333333333,at-risk,194
INV002187,7,67.83333333333333,at-risk,221
INV004475,7,67.83333333333333,at-risk,87
INV002218,6,67.8,at-risk,181
INV003518,6,67.8,at-risk,157
INV004340,6,67.8,at-risk,252
INV004641,6,67.8,at-risk,105
INV003223,8,67.71428571428571,at-risk,331
INV000725,7,67.66666666666667,at-risk,92
INV001606,7,67.66666666666667,at-risk,148
INV003205,7,67.66666666666667,at-risk,111
INV003741,7,67.66666666666667,at-risk,159
INV003795,7,67.66666666666667,at-risk,122
INV003981,7,67.66666666666667,at-risk,237
INV004070,7,67.66666666666667,at-risk,170
INV001645,6,67.6,at-risk,202
INV003252,6,67.6,at-risk,192
INV000949,7,67.5,at-risk,135
INV001629,7,67.5,at-risk,82
INV003141,7,67.5,at-risk,225
INV003230,7,67.5,at-risk,251
INV004547,7,67.5,at-risk,165
INV001181,8,67.42857142857143,at-risk,163
INV003613,8,67.42857142857143,at-risk,283
INV001163,7,67.33333333333333,at-risk,255
INV002277,7,67.33333333333333,at-risk,127
INV000570,8,67.28571428571429,at-risk,186
INV000833,8,67.28571428571429,at-risk,182
INV002497,8,67.28571428571429,at-risk,152
INV003916,6,67.2,at-risk,114
INV004128,6,67.2,at-risk,156
INV002557,7,67.16666666666667,at-risk,264
INV002937,7,67.16666666666667,at-risk,184
INV004953,7,67.16666666666667,at-risk,138
INV000236,8,67.14285714285714,at-risk,112
INV001017,6,67.0,at-risk,142
INV001173,6,67.0,at-risk,146
INV001282,6,67.0,at-risk,196
INV001987,7,67.0,at-risk,241
INV003000,7,67.0,at-risk,137
INV003506,7,67.0,at-risk,132
INV003641,8,67.0,at-risk,219
INV003113,8,66.85714285714286,at-risk,159
INV003920,8,66.85714285714286,at-risk,132
INV000578,7,66.83333333333333,at-risk,164
INV001510,7,66.83333333333333,at-risk,124
INV000146,6,66.8,at-risk,171
INV000607,7,66.66666666666667,at-risk,209
INV001275,7,66.66666666666667,at-risk,140
INV004844,7,66.66666666666667,at-risk,118
INV001712,6,66.6,at-risk,144
INV003117,8,66.57142857142857,at-risk,115
INV004203,8,66.57142857142857,at-risk,113
INV002178,8,66.42857142857143,at-risk,236
INV000691,6,66.4,at-risk,163
INV003083,6,66.4,at-risk,169
INV003557,6,66.4,at-risk,156
INV000414,8,66.28571428571429,at-risk,233
INV004926,8,66.28571428571429,at-risk,133
INV001039,6,66.2,at-risk,187
INV001929,6,66.2,at-risk,242
INV004145,6,66.2,at-risk,144
INV000415,7,66.16666666666667,at-risk,128
INV000844,7,66.16666666666667,at-risk,151
INV001047,7,66.16666666666667,at-risk,142
INV004785,7,66.16666666666667,at-risk,248
INV000662,8,66.14285714285714,at-risk,185
INV001694,8,66.14285714285714,at-risk,144
INV000645,6,66.0,at-risk,127
INV000777,6,66.0,at-risk,121
INV002602,8,66.0,at-risk,151
INV001336,8,65.85714285714286,at-risk,198
INV001711,7,65.83333333333333,at-risk,189
INV000079,6,65.8,at-risk,90
INV002563,6,65.8,at-risk,114
INV004446,6,65.8,at-risk,170
INV003479,8,65.71428571428571,at-risk,164
INV000887,7,65.66666666666667,at-risk,268
INV002241,7,65.66666666666667,at-risk,124
INV001644,6,65.6,at-risk,89
INV002632,8,65.57142857142857,at-risk,180
INV002711,8,65.57142857142857,at-risk,230
INV003511,8,65.57142857142857,at-risk,183
INV003105,7,65.5,at-risk,140
INV000177,8,65.42857142857143,at-risk,278
INV000869,6,65.4,at-risk,100
INV004833,6,65.4,at-risk,171
INV000102,8,65.28571428571429,at-risk,109
INV003766,8,65.28571428571429,at-risk,192
INV003185,6,65.2,at-risk,116
INV000463,7,65.16666666666667,at-risk,181
INV000709,7,65.16666666666667,at-risk,128
INV000101,8,65.0,at-risk,197
INV001587,7,65.0,at-risk,144
INV002085,6,65.0,at-risk,220
INV002159,6,65.0,at-risk,104
INV002585,6,65.0,at-risk,124
INV002613,8,65.0,at-risk,143
INV002673,8,65.0,at-risk,147
INV002945,8,65.0,at-risk,139
INV003089,6,65.0,at-risk,107
INV002803,7,64.83333333333333,at-risk,176
INV003289,7,64.83333333333333,at-risk,183
INV003781,7,64.83333333333333,at-risk,199
INV004563,7,64.83333333333333,at-risk,211
INV000010,6,64.8,at-risk,139
INV003300,6,64.8,at-risk,219
INV000657,8,64.71428571428571,at-risk,106
INV001455,8,64.71428571428571,at-risk,153
INV004332,8,64.71428571428571,at-risk,149
INV004631,8,64.71428571428571,at-risk,109
INV001008,7,64.66666666666667,at-risk,191
INV001530,7,64.66666666666667,at-risk,122
INV002229,6,64.6,at-risk,101
INV004118,6,64.6,at-risk,161
INV004629,8,64.57142857142857,at-risk,175
INV000591,7,64.5,at-risk,112
INV002295,7,64.5,at-risk,159
INV004646,7,64.5,at-risk,158
INV004335,8,64.42857142857143,at-risk,104
INV002510,7,64.33333333333333,at-risk,176
INV002779,6,64.2,at-risk,151
INV002900,6,64.2,at-risk,136
INV002947,7,64.16666666666667,at-risk,152
INV003011,7,64.16666666666667,at-risk,154
INV003524,7,64.16666666666667,at-risk,203
INV004299,8,64.14285714285714,at-risk,175
INV000786,9,64.125,at-risk,199
INV000734,8,64.0,at-risk,180
INV002783,7,64.0,at-risk,126
INV002675,8,63.857142857142854,at-risk,138
INV002211,7,63.833333333333336,at-risk,109
INV004978,7,63.833333333333336,at-risk,157
INV000567,6,63.8,at-risk,166
INV000994,6,63.8,at-risk,167
INV004124,6,63.8,at-risk,193
INV003393,8,63.714285714285715,at-risk,178
INV004911,7,63.666666666666664,at-risk,97
INV002018,6,63.6,at-risk,106
INV001394,8,63.57142857142857,at-risk,171
INV001778,8,63.57142857142857,at-risk,283
INV002143,8,63.57142857142857,at-risk,148
INV001865,7,63.5,at-risk,145
INV002800,7,63.5,at-risk,108
INV002322,6,63.4,at-risk,102
INV003279,9,63.375,at-risk,147
INV000678,7,63.333333333333336,at-risk,140
INV003370,7,63.333333333333336,at-risk,206
INV003787,9,63.25,at-risk,178
INV004967,6,63.2,at-risk,112
INV002265,7,63.166666666666664,at-risk,244
INV004151,8,63.142857142857146,at-risk,197
INV001497,9,63.0,at-risk,138
INV002453,7,63.0,at-risk,87
INV004172,8,63.0,at-risk,196
INV004343,6,63.0,at-risk,190
INV004576,6,63.0,at-risk,132
INV001837,7,62.833333333333336,at-risk,157
INV000675,6,62.8,at-risk,155
INV000289,8,62.714285714285715,at-risk,142
INV003097,8,62.714285714285715,at-risk,121
INV000400,6,62.6,at-risk,101
INV002251,6,62.6,at-risk,157
INV003169,6,62.6,at-risk,178
INV000205,8,62.57142857142857,at-risk,193
INV001697,9,62.5,at-risk,287
INV003905,7,62.5,at-risk,103
INV004464,7,62.5,at-risk,142
INV002111,8,62.42857142857143,at-risk,123
INV000568,6,62.4,at-risk,180
INV003357,6,62.4,at-risk,100
INV003625,6,62.4,at-risk,168
INV000268,7,62.333333333333336,at-risk,143
INV000646,7,62.333333333333336,at-risk,138
INV002659,7,62.333333333333336,at-risk,224
INV004009,8,62.285714285714285,at-risk,87
INV001909,8,62.142857142857146,at-risk,121
INV002196,8,62.142857142857146,at-risk,115
INV000874,9,62.125,at-risk,149
INV002570,7,62.0,at-risk,150
INV004813,6,62.0,at-risk,253
INV004819,7,62.0,at-risk,120
INV004014,9,61.875,at-risk,182
INV002654,8,61.857142857142854,at-risk,115
INV004266,7,61.833333333333336,at-risk,101
INV000164,6,61.8,at-risk,208
INV000180,6,61.8,at-risk,229
INV001551,6,61.8,at-risk,131
INV003257,6,61.8,at-risk,139
INV003723,6,61.8,at-risk,124
INV001117,8,61.714285714285715,at-risk,137
INV002216,8,61.714285714285715,at-risk,172
INV001802,7,61.666666666666664,at-risk,151
INV004125,9,61.625,at-risk,142
INV002290,6,61.6,at-risk,112
INV002826,6,61.6,at-risk,91
INV004450,6,61.6,at-risk,153
INV004484,6,61.6,at-risk,182
INV002568,8,61.57142857142857,at-risk,144
INV004361,8,61.57142857142857,at-risk,124
INV003913,8,61.42857142857143,at-risk,136
INV002722,6,61.4,at-risk,178
INV004753,6,61.4,at-risk,87
INV003432,7,61.333333333333336,at-risk,97
INV000854,9,61.25,at-risk,170
INV002368,7,61.166666666666664,at-risk,215
INV003221,7,61.166666666666664,at-risk,99
INV003271,7,61.166666666666664,at-risk,157
INV004755,7,61.166666666666664,at-risk,181
INV004239,8,61.142857142857146,at-risk,130
INV000163,8,61.0,at-risk,80
INV003242,7,61.0,at-risk,159
INV004411,6,61.0,at-risk,111
INV003509,9,60.875,at-risk,149
INV000986,7,60.833333333333336,at-risk,182
INV003215,7,60.833333333333336,at-risk,105
INV000441,6,60.8,at-risk,151
INV000029,7,60.666666666666664,at-risk,96
INV000939,8,60.57142857142857,at-risk,154
INV001234,8,60.57142857142857,at-risk,119
INV001605,8,60.57142857142857,at-risk,136
INV002939,7,60.5,at-risk,127
INV003457,7,60.5,at-risk,117
INV003654,7,60.5,at-risk,124
INV003708,7,60.5,at-risk,104
INV004319,9,60.5,at-risk,275
INV001937,8,60.42857142857143,at-risk,253
INV001140,6,60.4,at-risk,125
INV002151,9,60.375,at-risk,201
INV001001,8,60.285714285714285,at-risk,137
INV001355,6,60.2,at-risk,187
INV001662,6,60.2,at-risk,147
INV002127,6,60.2,at-risk,113
INV001950,7,60.166666666666664,at-risk,134
INV003862,7,60.166666666666664,at-risk,184
INV001217,8,60.142857142857146,at-risk,205
INV003273,8,60.142857142857146,at-risk,134
INV000768,8,60.0,at-risk,124
INV001806,8,60.0,at-risk,209
INV002319,7,60.0,at-risk,123
INV002369,6,60.0,at-risk,136
INV004153,8,60.0,at-risk,125
INV004531,8,60.0,at-risk,159
INV001656,8,59.857142857142854,at-risk,246
INV002804,8,59.857142857142854,at-risk,209
INV001458,7,59.833333333333336,at-risk,101
INV003214,6,59.8,at-risk,170
INV000228,9,59.75,at-risk,188
INV004924,9,59.75,at-risk,116
INV000778,8,59.714285714285715,at-risk,182
INV000123,7,59.666666666666664,at-risk,142
INV002808,7,59.666666666666664,at-risk,120
INV004602,9,59.625,at-risk,242
INV000260,8,59.57142857142857,at-risk,206
INV000893,7,59.5,at-risk,147
INV001064,9,59.5,at-risk,160
INV003146,9,59.5,at-risk,283
INV000776,8,59.42857142857143,at-risk,116
INV003360,8,59.42857142857143,at-risk,163
INV000877,6,59.4,at-risk,159
INV003372,6,59.4,at-risk,118
INV003459,6,59.4,at-risk,113
INV003301,9,59.375,at-risk,113
INV002793,7,59.333333333333336,at-risk,125
INV000371,8,59.285714285714285,at-risk,147
INV000529,6,59.2,at-risk,110
INV000907,6,59.2,at-risk,139
INV004372,6,59.2,at-risk,155
INV001924,7,59.166666666666664,at-risk,119
INV003627,7,59.166666666666664,at-risk,152
INV002401,8,59.142857142857146,at-risk,125
INV002704,8,59.142857142857146,at-risk,139
INV004594,8,59.142857142857146,at-risk,122
INV004956,8,59.142857142857146,at-risk,155
INV000589,9,59.125,at-risk,90
INV003491,9,59.125,at-risk,119
INV001235,9,59.0,at-risk,161
INV001803,6,59.0,at-risk,127
INV003406,8,59.0,at-risk,251
INV003734,8,59.0,at-risk,290
INV001680,9,58.875,at-risk,200
INV001951,7,58.833333333333336,at-risk,124
INV001866,6,58.8,at-risk,117
INV001927,6,58.8,at-risk,91
INV004099,6,58.8,at-risk,174
INV004477,8,58.714285714285715,at-risk,180
INV004635,7,58.666666666666664,at-risk,142
INV003528,9,58.625,at-risk,186
INV000023,8,58.57142857142857,at-risk,115
INV002157,7,58.5,at-risk,142
INV002737,8,58.42857142857143,at-risk,104
INV002162,9,58.375,at-risk,198
INV000827,8,58.285714285714285,at-risk,122
INV003003,9,58.25,at-risk,100
INV003187,9,58.25,at-risk,244
INV000403,6,58.2,at-risk,90
INV001599,6,58.2,at-risk,133
INV004098,6,58.2,at-risk,87
INV004199,6,58.2,at-risk,138
INV000929,7,58.166666666666664,at-risk,116
INV002994,7,58.166666666666664,at-risk,142
INV001823,8,58.142857142857146,at-risk,172
INV001116,9,58.125,at-risk,194
INV000194,7,58.0,at-risk,109
INV001202,8,58.0,at-risk,103
INV000718,7,57.833333333333336,at-risk,118
INV003063,7,57.833333333333336,at-risk,112
INV003851,7,57.833333333333336,at-risk,121
INV000445,9,57.75,at-risk,129
INV002343,9,57.75,at-risk,115
INV003036,8,57.714285714285715,at-risk,138
INV000173,7,57.666666666666664,at-risk,165
INV004983,7,57.666666666666664,at-risk,128
INV001777,9,57.625,at-risk,156
INV001160,8,57.57142857142857,at-risk,99
INV002230,8,57.57142857142857,at-risk,171
INV002415,8,57.42857142857143,at-risk,110
INV003075,8,57.42857142857143,at-risk,128
INV003407,8,57.42857142857143,at-risk,146
INV003780,8,57.42857142857143,at-risk,135
INV004776,9,57.375,at-risk,145
INV001387,9,57.25,at-risk,130
INV003219,6,57.2,at-risk,86
INV001442,9,57.125,at-risk,238
INV000012,8,57.0,at-risk,132
INV000105,8,57.0,at-risk,87
INV001137,7,57.0,at-risk,120
INV001631,6,57.0,at-risk,101
INV002329,7,57.0,at-risk,183
INV003140,8,57.0,at-risk,125
INV004306,7,57.0,at-risk,118
INV004391,6,57.0,at-risk,96
INV001532,7,56.833333333333336,at-risk,101
INV001737,7,56.833333333333336,at-risk,191
INV004715,7,56.833333333333336,at-risk,169
INV001516,6,56.8,at-risk,85
INV003308,9,56.75,at-risk,141
INV002838,8,56.714285714285715,at-risk,116
INV000467,10,56.666666666666664,at-risk,272
INV003478,9,56.625,at-risk,195
INV001585,6,56.6,at-risk,182
INV001993,6,56.6,at-risk,147
INV003391,6,56.6,at-risk,193
INV003403,6,56.6,at-risk,116
INV004063,8,56.57142857142857,at-risk,167
INV000191,7,56.5,at-risk,161
INV003374,7,56.5,at-risk,128
INV002471,6,56.4,at-risk,98
INV003178,6,56.4,at-risk,84
INV003945,7,56.333333333333336,at-risk,175
INV000690,8,56.285714285714285,at-risk,134
INV003179,9,56.25,at-risk,151
INV001841,6,56.2,at-risk,129
INV002794,7,56.166666666666664,at-risk,111
INV001383,8,56.142857142857146,at-risk,117
INV003748,8,56.142857142857146,at-risk,182
INV000183,9,56.125,at-risk,216
INV002360,9,56.125,at-risk,129
INV002575,9,56.125,at-risk,128
INV000131,7,56.0,at-risk,123
INV001597,7,56.0,at-risk,165
INV001654,7,56.0,at-risk,137
INV003475,9,56.0,at-risk,155
INV003979,8,56.0,at-risk,123
INV004607,8,56.0,at-risk,214
INV004868,8,56.0,at-risk,226
INV001053,8,55.857142857142854,at-risk,116
INV001804,8,55.857142857142854,at-risk,126
INV004891,8,55.857142857142854,at-risk,128
INV000615,7,55.833333333333336,at-risk,139
INV002025,7,55.833333333333336,at-risk,92
INV002171,7,55.833333333333336,at-risk,150
INV000547,6,55.8,at-risk,140
INV004094,6,55.8,at-risk,167
INV004106,6,55.8,at-risk,151
INV000280,9,55.75,at-risk,191
INV001564,8,55.714285714285715,at-risk,157
INV002572,8,55.714285714285715,at-risk,108
INV004243,8,55.714285714285715,at-risk,131
INV000395,7,55.666666666666664,at-risk,119
INV003158,9,55.625,at-risk,138
INV000843,6,55.6,at-risk,102
INV001757,8,55.57142857142857,at-risk,121
INV002409,8,55.57142857142857,at-risk,125
INV000093,7,55.5,at-risk,91
INV000822,7,55.5,at-risk,141
INV002942,9,55.5,at-risk,180
INV003398,8,55.42857142857143,at-risk,140
INV001979,6,55.4,at-risk,100
INV002361,6,55.4,at-risk,198
INV002400,9,55.375,at-risk,141
INV000013,7,55.333333333333336,at-risk,104
INV001102,7,55.333333333333336,at-risk,87
INV002697,7,55.333333333333336,at-risk,199
INV002767,7,55.333333333333336,at-risk,145
INV003892,10,55.22222222222222,at-risk,114
INV001653,6,55.2,at-risk,94
INV004112,6,55.2,at-risk,112
INV003139,7,55.166666666666664,at-risk,133
INV000789,8,55.142857142857146,at-risk,225
INV001858,8,55.142857142857146,at-risk,261
INV004504,8,55.142857142857146,at-risk,247
INV003189,9,55.125,at-risk,198
INV003906,10,55.111111111111114,at-risk,115
INV000524,7,55.0,at-risk,91
INV000546,9,55.0,at-risk,154
INV000894,6,55.0,at-risk,105
INV001485,9,55.0,at-risk,150
INV001871,7,55.0,at-risk,101
INV002033,7,55.0,at-risk,123
INV004533,7,55.0,at-risk,118
INV004608,8,55.0,at-risk,96
INV004973,9,55.0,at-risk,99
INV004116,10,54.888888888888886,at-risk,117
INV000641,6,54.8,at-risk,126
INV004642,6,54.8,at-risk,232
INV000512,9,54.75,at-risk,112
INV001971,8,54.714285714285715,at-risk,87
INV003015,7,54.666666666666664,at-risk,91
INV003952,7,54.666666666666664,at-risk,95
INV001308,9,54.625,at-risk,147
INV004901,6,54.6,at-risk,96
INV004574,8,54.57142857142857,at-risk,116
INV004737,10,54.55555555555556,at-risk,120
INV000097,7,54.5,at-risk,183
INV000372,7,54.5,at-risk,121
INV000683,9,54.5,at-risk,137
INV001603,7,54.5,at-risk,93
INV003070,9,54.5,at-risk,132
INV004521,7,54.5,at-risk,76
INV000341,8,54.42857142857143,at-risk,191
INV000356,6,54.4,at-risk,157
INV004638,7,54.333333333333336,at-risk,110
INV003586,8,54.285714285714285,at-risk,113
INV001504,9,54.25,at-risk,134
INV001811,9,54.25,at-risk,196
INV004621,9,54.25,at-risk,203
INV001051,8,54.142857142857146,at-risk,139
INV002179,8,54.142857142857146,at-risk,171
INV000359,9,54.125,at-risk,197
INV004848,9,54.125,at-risk,166
INV000631,6,54.0,at-risk,145
INV000901,6,54.0,at-risk,95
INV003351,6,54.0,at-risk,86
INV004528,7,54.0,at-risk,149
INV004414,8,53.857142857142854,at-risk,176
INV004459,7,53.833333333333336,at-risk,141
INV002459,8,53.714285714285715,at-risk,161
INV003277,8,53.714285714285715,at-risk,192
INV004241,10,53.666666666666664,at-risk,117
INV004798,7,53.666666666666664,at-risk,106
INV000388,9,53.625,at-risk,119
INV000262,8,53.57142857142857,at-risk,122
INV000642,9,53.5,at-risk,139
INV003669,7,53.5,at-risk,98
INV000265,10,53.44444444444444,at-risk,140
INV001195,8,53.42857142857143,at-risk,167
INV001060,9,53.375,at-risk,89
INV002921,7,53.333333333333336,at-risk,121
INV004267,7,53.333333333333336,at-risk,109
INV002282,6,53.2,at-risk,102
INV002666,7,53.166666666666664,at-risk,100
INV002850,7,53.166666666666664,at-risk,166
INV003642,7,53.166666666666664,at-risk,217
INV003005,8,53.142857142857146,at-risk,107
INV004555,8,53.142857142857146,at-risk,151
INV000751,9,53.0,at-risk,193
INV000942,7,53.0,at-risk,92
INV001616,9,53.0,at-risk,117
INV002413,8,53.0,at-risk,189
INV002496,6,53.0,at-risk,156
INV002822,7,53.0,at-risk,108
INV002744,10,52.888888888888886,at-risk,139
INV004282,8,52.857142857142854,at-risk,105
INV003375,8,52.714285714285715,at-risk,158
INV003534,8,52.714285714285715,at-risk,160
INV002847,10,52.666666666666664,at-risk,129
INV001739,9,52.5,at-risk,96
INV002367,7,52.5,at-risk,134
INV003938,7,52.5,at-risk,110
INV000556,8,52.42857142857143,at-risk,156
INV004974,8,52.42857142857143,at-risk,102
INV000634,9,52.25,at-risk,147
INV000698,9,52.25,at-risk,219
INV002349,6,52.2,at-risk,75
INV002591,6,52.2,at-risk,139
INV004348,6,52.2,at-risk,120
INV000428,8,52.142857142857146,at-risk,164
INV000148,9,52.0,at-risk,168
INV000309,8,52.0,at-risk,157
INV003630,7,52.0,at-risk,96
INV004023,10,52.0,at-risk,93
INV003761,8,51.857142857142854,at-risk,150
INV001208,7,51.833333333333336,at-risk,107
INV001315,7,51.833333333333336,at-risk,124
INV001514,7,51.833333333333336,at-risk,72
INV002951,7,51.833333333333336,at-risk,82
INV003740,7,51.833333333333336,at-risk,172
INV001709,6,51.8,at-risk,84
INV000596,9,51.75,at-risk,140
INV001628,8,51.714285714285715,at-risk,139
INV001649,10,51.666666666666664,at-risk,120
INV002083,10,51.666666666666664,at-risk,193
INV002237,7,51.666666666666664,at-risk,142
INV003695,7,51.666666666666664,at-risk,157
INV002508,9,51.625,at-risk,171
INV002733,8,51.57142857142857,at-risk,150
INV003431,6,51.4,at-risk,152
INV002598,9,51.375,at-risk,179
INV002974,7,51.333333333333336,at-risk,105
INV003581,8,51.285714285714285,at-risk,95
INV001299,9,51.25,at-risk,121
INV003964,10,51.22222222222222,at-risk,130
INV001826,6,51.2,at-risk,128
INV004611,7,51.166666666666664,at-risk,217
INV000201,9,51.125,at-risk,100
INV001061,9,51.125,at-risk,141
INV003236,9,51.125,at-risk,115
INV003256,7,51.0,at-risk,90
INV003530,6,51.0,at-risk,101
INV003681,9,51.0,at-risk,101
INV004917,7,51.0,at-risk,77
INV003091,9,50.875,at-risk,199
INV001219,8,50.857142857142854,at-risk,118
INV004843,8,50.857142857142854,at-risk,153
INV000573,7,50.833333333333336,at-risk,154
INV002199,7,50.833333333333336,at-risk,94
INV003812,7,50.833333333333336,at-risk,174
INV000527,6,50.8,at-risk,116
INV004427,11,50.8,at-risk,125
INV002389,10,50.77777777777778,at-risk,126
INV003771,10,50.77777777777778,at-risk,130
INV001295,9,50.75,at-risk,165
INV001886,9,50.75,at-risk,129
INV000331,8,50.714285714285715,at-risk,163
INV003722,7,50.666666666666664,at-risk,135
INV004472,7,50.666666666666664,at-risk,156
INV004630,9,50.625,at-risk,95
INV003738,6,50.6,at-risk,117
INV004643,6,50.6,at-risk,101
INV001728,8,50.57142857142857,at-risk,131
INV001361,7,50.5,at-risk,103
INV001314,10,50.44444444444444,at-risk,130
INV000252,6,50.4,at-risk,96
INV000981,6,50.4,at-risk,104
INV001526,6,50.4,at-risk,134
INV002422,10,50.333333333333336,at-risk,139
INV003404,8,50.285714285714285,at-risk,198
INV003903,8,50.285714285714285,at-risk,130
INV004279,8,50.285714285714285,at-risk,116
INV002590,10,50.22222222222222,at-risk,125
INV004149,6,50.2,at-risk,130
INV003975,8,50.142857142857146,at-risk,125
INV004135,10,50.111111111111114,at-risk,164
INV002689,8,50.0,at-risk,115
INV002893,9,50.0,at-risk,148
INV003599,6,50.0,at-risk,100
INV003847,8,50.0,at-risk,66
INV004455,6,50.0,at-risk,105
INV004447,7,49.833333333333336,at-risk,129
INV003655,10,49.77777777777778,at-risk,198
INV000057,8,49.714285714285715,at-risk,149
INV001800,7,49.666666666666664,at-risk,132
INV002475,10,49.666666666666664,at-risk,119
INV002527,7,49.666666666666664,at-risk,93
INV002554,7,49.666666666666664,at-risk,100
INV004258,7,49.666666666666664,at-risk,105
INV000399,10,49.55555555555556,at-risk,68
INV001759,10,49.55555555555556,at-risk,126
INV000452,9,49.375,at-risk,123
INV000853,10,49.333333333333336,at-risk,193
INV002904,7,49.333333333333336,at-risk,104
INV003582,7,49.333333333333336,at-risk,167
INV000612,11,49.3,at-risk,169
INV001673,11,49.3,at-risk,181
INV002915,8,49.285714285714285,at-risk,117
INV002195,9,49.25,at-risk,154
INV003495,10,49.22222222222222,at-risk,121
INV003018,6,49.2,at-risk,156
INV002437,7,49.166666666666664,at-risk,212
INV004981,8,49.142857142857146,at-risk,115
INV000069,10,49.111111111111114,at-risk,129
INV002206,7,49.0,at-risk,141
INV002813,7,49.0,at-risk,149
INV004338,10,48.888888888888886,at-risk,209
INV001636,9,48.875,at-risk,159
INV000239,8,48.857142857142854,at-risk,105
INV000977,10,48.77777777777778,at-risk,147
INV002294,8,48.714285714285715,at-risk,163
INV000255,6,48.6,at-risk,103
INV001995,6,48.6,at-risk,94
INV001423,8,48.57142857142857,at-risk,105
INV004712,8,48.57142857142857,at-risk,84
INV003829,10,48.55555555555556,at-risk,159
INV002185,6,48.4,at-risk,92
INV004560,9,48.375,at-risk,107
INV003559,10,48.333333333333336,at-risk,118
INV000073,9,48.25,at-risk,112
INV003007,9,48.25,at-risk,162
INV002552,10,48.22222222222222,at-risk,184
INV002870,6,48.2,at-risk,109
INV004049,6,48.2,at-risk,83
INV002935,7,48.0,at-risk,72
INV003115,6,48.0,at-risk,125
INV003311,9,48.0,at-risk,149
INV001348,7,47.833333333333336,at-risk,121
INV002407,7,47.833333333333336,at-risk,167
INV000847,6,47.8,at-risk,75
INV003634,6,47.8,at-risk,83
INV001406,10,47.666666666666664,at-risk,202
INV001986,7,47.666666666666664,at-risk,98
INV003450,10,47.666666666666664,at-risk,158
INV000030,9,47.625,at-risk,100
INV004202,9,47.625,at-risk,114
INV000493,10,47.55555555555556,at-risk,201
INV002069,10,47.55555555555556,at-risk,95
INV001738,9,47.5,at-risk,153
INV003767,9,47.5,at-risk,125
INV001853,8,47.42857142857143,at-risk,95
INV002402,7,47.166666666666664,at-risk,89
INV004680,7,47.166666666666664,at-risk,155
INV003635,10,47.111111111111114,at-risk,95
INV000293,7,47.0,at-risk,91
INV000531,7,47.0,at-risk,82
INV000609,6,47.0,at-risk,87
INV001048,8,47.0,at-risk,84
INV002390,6,47.0,at-risk,100
INV000971,7,46.833333333333336,at-risk,139
INV000408,6,46.8,at-risk,125
INV000449,6,46.8,at-risk,70
INV002712,11,46.8,at-risk,174
INV004154,12,46.72727272727273,at-risk,90
INV004400,8,46.57142857142857,at-risk,104
INV003082,8,46.42857142857143,at-risk,142
INV004996,10,46.333333333333336,at-risk,104
INV000109,9,46.25,at-risk,63
INV001318,10,46.22222222222222,at-risk,150
INV000881,10,46.111111111111114,at-risk,155
INV000048,9,46.0,at-risk,168
INV000113,8,46.0,at-risk,144
INV000292,7,46.0,at-risk,95
INV000772,6,46.0,at-risk,81
INV003860,6,46.0,at-risk,72
INV004289,11,45.9,at-risk,201
INV002950,8,45.857142857142854,at-risk,119
INV003735,8,45.857142857142854,at-risk,104
INV004358,8,45.857142857142854,at-risk,87
INV002693,7,45.833333333333336,at-risk,72
INV000865,9,45.75,at-risk,99
INV001288,7,45.666666666666664,at-risk,148
INV001580,7,45.666666666666664,at-risk,119
INV000033,8,45.57142857142857,at-risk,87
INV002726,8,45.57142857142857,at-risk,84
INV000249,7,45.5,at-risk,162
INV002142,9,45.5,at-risk,162
INV004177,8,45.42857142857143,at-risk,117
INV003872,9,45.375,at-risk,85
INV002259,7,45.333333333333336,at-risk,89
INV001990,8,45.285714285714285,at-risk,91
INV003320,8,45.285714285714285,at-risk,192
INV003601,9,45.25,at-risk,118
INV001407,6,45.2,at-risk,141
INV002645,7,45.166666666666664,at-risk,133
INV004947,6,45.0,at-risk,75
INV000858,9,44.875,at-risk,157
INV001019,9,44.875,at-risk,180
INV001262,7,44.833333333333336,at-risk,116
INV000094,6,44.8,at-risk,95
INV002102,6,44.8,at-risk,63
INV004295,9,44.75,at-risk,119
INV000086,10,44.666666666666664,at-risk,167
INV002017,7,44.666666666666664,at-risk,99
INV004805,7,44.666666666666664,at-risk,92
INV001466,6,44.6,at-risk,82
INV000586,7,44.5,at-risk,111
INV000980,8,44.42857142857143,at-risk,121
INV001828,8,44.42857142857143,at-risk,91
INV002886,7,44.333333333333336,at-risk,137
INV001562,10,44.22222222222222,at-risk,146
INV003304,10,44.22222222222222,at-risk,180
INV003024,6,44.2,at-risk,122
INV002052,7,44.166666666666664,at-risk,114
INV003317,8,44.142857142857146,at-risk,71
INV000091,8,44.0,at-risk,105
INV004579,8,43.857142857142854,at-risk,77
INV000369,6,43.8,at-risk,112
INV001457,6,43.8,at-risk,63
INV000412,8,43.714285714285715,at-risk,70
INV003948,7,43.666666666666664,at-risk,101
INV002881,6,43.6,at-risk,110
INV000460,6,43.4,at-risk,107
INV002841,6,43.4,at-risk,102
INV000279,9,43.375,at-risk,133
INV001063,8,43.285714285714285,at-risk,120
INV004864,8,43.285714285714285,at-risk,114
INV002843,8,43.142857142857146,at-risk,128
INV001938,9,43.0,at-risk,112
INV002198,9,43.0,at-risk,93
INV001142,7,42.833333333333336,at-risk,106
INV000699,6,42.8,at-risk,147
INV001753,11,42.8,at-risk,128
INV004248,7,42.666666666666664,at-risk,93
INV002304,10,42.55555555555556,at-risk,104
INV003943,9,42.5,at-risk,88
INV004460,9,42.5,at-risk,93
INV001972,8,42.42857142857143,at-risk,153
INV002149,8,42.285714285714285,at-risk,215
INV004682,9,42.25,at-risk,105
INV001037,10,42.0,at-risk,86
INV004321,9,42.0,at-risk,84
INV004297,9,41.875,at-risk,82
INV004281,8,41.714285714285715,at-risk,93
INV001002,7,41.666666666666664,at-risk,85
INV002751,7,41.5,at-risk,102
INV001069,8,41.285714285714285,at-risk,98
INV002906,6,41.2,at-risk,74
INV003405,8,41.0,at-risk,186
INV004840,7,41.0,at-risk,103
INV004410,11,40.9,at-risk,138
INV000864,6,40.8,at-risk,106
INV002579,6,40.8,at-risk,71
INV004004,10,40.77777777777778,at-risk,88
INV003153,7,40.666666666666664,at-risk,156
INV002347,9,40.5,at-risk,79
INV004017,7,40.5,at-risk,85
INV002122,7,40.333333333333336,at-risk,97
INV002927,8,40.285714285714285,at-risk,79
INV004001,8,40.285714285714285,at-risk,123
INV002391,6,40.2,at-risk,124
INV002831,6,40.2,at-risk,72
INV000011,7,40.166666666666664,at-risk,125
INV004326,10,40.111111111111114,at-risk,78
INV000823,7,39.666666666666664,at-risk,69
INV004617,9,39.25,at-risk,83
INV003558,7,39.166666666666664,at-risk,66
INV002384,10,39.111111111111114,at-risk,92
INV001920,7,39.0,at-risk,76
INV002467,8,38.857142857142854,at-risk,116
INV004007,7,38.833333333333336,at-risk,102
INV001025,6,38.8,at-risk,76
INV004834,9,38.625,at-risk,106
INV000446,6,38.6,at-risk,101
INV002445,8,38.142857142857146,at-risk,117
INV003009,9,38.125,at-risk,84
INV002723,9,37.75,at-risk,102
INV000328,9,37.5,at-risk,73
INV003338,9,37.5,at-risk,155
INV000155,7,37.333333333333336,at-risk,99
INV002865,6,37.2,at-risk,50
INV004511,6,37.2,at-risk,89
INV000714,9,37.0,at-risk,95
INV002688,9,37.0,at-risk,122
INV001210,9,36.875,at-risk,93
INV004807,8,36.857142857142854,at-risk,86
INV000665,10,36.22222222222222,at-risk,148
INV000052,6,36.2,at-risk,120
INV003045,6,36.2,at-risk,71
INV003455,7,35.5,at-risk,76
INV002464,6,35.4,at-risk,97
INV004134,6,35.4,at-risk,54
INV000676,11,35.3,at-risk,106
INV003025,8,35.285714285714285,at-risk,65
